met,logM,rad_kpc,vdisp,lin_age,tau,DoR_predicted
0.01457323506474495,9427318773.024748,0.4604965126991611,169.44000244140625,9055945728.0,-670772174.8496326,0.6215983493397284
0.019999999552965164,57209273603.420364,2.010297123617421,199.10000610351562,12148923392.0,-1002331218.3423607,0.6182605927139064
0.028291087597608566,166847165344.4713,3.5545267964853062,309.07000732421875,9566814208.0,-746648170.3982747,0.6182605927139064
0.03248695284128189,109078164529.00143,2.8587041508392033,158.47999572753906,6414391296.0,-513172679.65476483,0.6182605927139064
0.023788046091794968,134256331392.49933,3.321782305187364,290.239990234375,11883205632.0,-943454861.1991733,0.6182605927139064
0.04000571370124817,66671821991.60454,1.944287612741652,168.8800048828125,3425309440.0,-281203761.47877896,0.6182605927139064
0.023889431729912758,85113754203.86838,2.4751572758866986,305.94000244140625,10957392896.0,-835408467.5676854,0.6182605927139064
0.03229798749089241,20444214177.338264,0.8762269582766171,259.4100036621094,7585209344.0,-603483754.799243,0.6238924706967265
0.03251872584223747,200119315401.05267,4.136067102982546,233.36000061035156,9457366016.0,-1105215612.2277718,0.6182605927139064
0.035103991627693176,151084804918.67844,3.782197208458354,183.5500030517578,5462275584.0,-546520160.3382471,0.6182605927139064
0.029998715966939926,54507153798.52249,1.921107914920377,163.25,8496390144.0,-679633743.72201,0.6182605927139064
0.020294776186347008,83349468784.84105,1.6355371886772077,272.05999755859375,7617935872.0,-570813625.4162213,0.6150774481596953
0.04093044251203537,261312317637.51483,5.379391299439222,210.77000427246094,4693147136.0,-420809363.74646336,0.6182605927139064
0.03510570898652077,89226427415.49385,2.184286206366876,173.91000366210938,5978110976.0,-475718970.54682195,0.6182605927139064
0.031032735481858253,161636718204.63965,3.2701471652310414,175.58999633789062,8132731904.0,-665305036.164056,0.6182605927139064
0.025929339230060577,136491295773.98161,2.817546835114755,184.38999938964844,1337125888.0,-154354985.2453907,0.6182605927139064
0.03325258567929268,95065868260.226,2.6715439878059724,153.0800018310547,5152041472.0,-390641325.7907068,0.6182605927139064
0.038662541657686234,699615561745.7936,6.769726672801661,477.7099914550781,11247403008.0,-1201479788.9390862,0.6182605927139064
0.024825986474752426,34604802675.99213,1.2771485200992108,221.1300048828125,10410767360.0,-812333469.622212,0.6206036918821297
0.03948549926280975,159019224101.12634,3.910960777890989,180.52000427246094,2773688064.0,-251087641.43866527,0.6182605927139064
0.028614027425646782,69264260101.75798,2.1887431111247144,166.22999572753906,5173616640.0,-400176760.77998257,0.6182605927139064
0.03278703987598419,97426732770.73662,2.5674018980516484,188.58999633789062,914804672.0,-101949953.01688434,0.6182605927139064
0.042343705892562866,48234292335.040276,1.3830658002363223,159.55999755859375,2814268160.0,-245412960.88856706,0.6206036918821297
0.04683559387922287,66315581888.782814,1.1571789494279712,208.30999755859375,623763712.0,-61386379.464485615,0.6239153632954312
0.023856544867157936,203574108991.82193,4.130900398961143,289.760009765625,10577579008.0,-832372021.272389,0.6182605927139064
0.02983960695564747,31356455474.891888,0.9828567049451207,166.25999450683594,7958522880.0,-635485445.8180236,0.6238924706967265
0.02355409786105156,114172598113.80911,3.055425340656375,235.7100067138672,10685701120.0,-814202610.3155285,0.6182605927139064
0.021814439445734024,46894114725.047615,1.677858972004454,228.94000244140625,10339236864.0,-789259582.3688414,0.6150774481596953
0.025353820994496346,38179634034.51559,1.4819468727329073,158.89999389648438,3098629120.0,-265576106.39191714,0.6171221091715519
0.030625013634562492,115224809841.62068,3.2018851888641384,197.55999755859375,8235481600.0,-635414875.1867845,0.6182605927139064
0.027748946100473404,69384603098.35216,1.4106374809454918,257.4100036621094,9020338176.0,-705166111.4030952,0.6206036918821297
0.036389075219631195,231952286112.5521,5.105991732274502,222.77999877929688,7182439936.0,-732503620.3437607,0.6182605927139064
0.03927294537425041,128471295374.46922,3.0001332449307507,166.5800018310547,5029532672.0,-428974045.4872867,0.6182605927139064
0.02105795033276081,16663513652.017748,0.80278222605321,231.97000122070312,7092974080.0,-527757541.6994538,0.6237116624584638
0.026635902002453804,194573526328.3371,4.216985540829947,229.41000366210938,5254277632.0,-610483524.2005365,0.6182605927139064
0.03148167207837105,116563240875.82462,2.824242898251633,180.6699981689453,5929633280.0,-482393163.8775058,0.6182605927139064
0.028885578736662865,108196301396.34663,2.9756397544860236,158.9199981689453,9143154688.0,-736020324.8953013,0.6182605927139064
0.026387562975287437,48921921660.54787,1.6021256022899677,222.30999755859375,9320143872.0,-721862501.1975435,0.6150774481596953
0.04800582677125931,143528260896.42407,3.125329355599424,175.39999389648438,2766034688.0,-237915787.1261752,0.6182605927139064
0.02505672350525856,331925424294.14465,6.413473969970532,256.45001220703125,9504685056.0,-723507085.4646351,0.6182605927139064
0.0422409325838089,72508279784.92012,2.1783231540176096,204.52000427246094,2795290880.0,-216527097.2747036,0.6182605927139064
0.031083108857274055,58075962718.99024,1.9022245041496717,174.3699951171875,6582451712.0,-520087973.3187183,0.6182605927139064
0.03996848687529564,153328253108.58862,3.8701122694196632,206.07000732421875,4988042240.0,-410482953.63849133,0.6182605927139064
0.03549239784479141,130841956725.97626,2.037854661961337,155.97999572753906,1669229184.0,-172787528.94162348,0.6182605927139064
0.04355078935623169,174806400276.01505,4.005762184346779,209.6699981689453,3402519040.0,-314649483.3433731,0.6182605927139064
0.03604863956570625,212455321991.88577,3.5408345307740126,221.41000366210938,7427629056.0,-715048448.9171016,0.6182605927139064
0.029627660289406776,306026699762.835,5.033624956677841,271.07000732421875,8453455872.0,-668283649.0577521,0.6182605927139064
0.027698233723640442,68840381018.12752,1.939138921657737,258.67999267578125,8847395840.0,-682548786.1843407,0.6182605927139064
0.03565829619765282,93745370321.09691,2.424200221112346,155.80999755859375,2904824064.0,-243777293.8501574,0.6182605927139064
0.04222888872027397,156426798223.6754,2.3735647303189578,191.42999267578125,3583406848.0,-314294057.873257,0.6182605927139064
0.02922219969332218,210824476043.1331,4.528710277421661,235.57000732421875,7453180416.0,-608078400.6324208,0.6182605927139064
0.028501709923148155,168086854419.51334,3.5319974575543465,267.9800109863281,9572014080.0,-778464447.4221376,0.6182605927139064
0.04141727462410927,106676664292.58179,2.943085550378424,176.47999572753906,939782592.0,-106108934.43737082,0.6182605927139064
0.037088483572006226,47611952129.03464,0.9335349941321889,217.9499969482422,6051930624.0,-539006841.8340601,0.6238924706967265
0.03479922562837601,274133859062.95267,5.339452013337776,207.9499969482422,5583047168.0,-586316419.8411658,0.6182605927139064
0.027256473898887634,141005474142.18552,3.1928483519926605,238.55999755859375,9930301440.0,-785578919.4158379,0.6182605927139064
0.038068901747465134,162049322154.16547,2.981145214848985,235.9199981689453,4797412352.0,-419141939.5039127,0.6182605927139064
0.03441992402076721,183053025423.15024,4.376087382088697,191.25999450683594,6732655104.0,-536235366.6605295,0.6182605927139064
0.05000000074505806,174501951651.90463,2.9736524577732877,190.80999755859375,753302080.0,-87882887.95604879,0.6182605927139064
0.01936005987226963,57010403094.0514,1.8340854588843656,240.27999877929688,6210020864.0,-457139789.8980512,0.6182605927139064
0.05000000074505806,101709075881.13985,2.430466575800617,162.1699981689453,844971328.0,-81486716.93571058,0.6182605927139064
0.044817689806222916,180432546707.12912,2.841880804997747,242.6999969482422,2802804992.0,-247629580.4119532,0.6182605927139064
0.03554625064134598,157470464527.34885,3.8201088532252614,173.94000244140625,7655116800.0,-729124038.239383,0.6182605927139064
0.04276832193136215,189188117375.28882,3.5725613274011994,214.5399932861328,3966790144.0,-349476243.667507,0.6182605927139064
0.03469511494040489,23790632704.590492,0.7507488086899996,199.0399932861328,3452889344.0,-278418676.3239899,0.6237116624584638
0.04732084646821022,103913052435.23167,2.629321721612629,161.5399932861328,650924480.0,-66740855.310970336,0.6182605927139064
0.025345446541905403,170836457503.45282,3.4114008829614595,298.0899963378906,11296502784.0,-928450909.1482892,0.6182605927139064
0.032275453209877014,69641527348.76576,1.8990606321278725,176.02999877929688,4164039680.0,-328439690.3561303,0.6182605927139064
0.03357798233628273,103020884180.64647,2.5221635592236904,180.0,3565920512.0,-302273210.28363794,0.6182605927139064
0.010363390669226646,151646296859.30896,2.9804426411407374,242.72999572753906,3933512704.0,-429999587.94277525,0.6182605927139064
0.04313678294420242,207119485549.0105,4.244128704193848,214.77000427246094,4175678208.0,-357734107.291591,0.6182605927139064
0.02059159055352211,22889614743.549343,0.8930743686812089,207.02000427246094,6916392448.0,-521277142.2247246,0.6238924706967265
0.03854772076010704,157085296793.19748,3.728795951218615,217.97000122070312,5380696576.0,-446424374.585284,0.6182605927139064
0.0291764959692955,45908920577.32351,1.5969421468328298,246.66000366210938,7883044864.0,-611060983.7987276,0.6152361307865583
0.042039550840854645,139956163151.7986,3.633845394680084,174.61000061035156,4233616128.0,-371255741.4527096,0.6182605927139064
0.019348328933119774,38189924992.266975,1.499780797591973,207.9199981689453,12025886720.0,-910136389.8951776,0.6171221091715519
0.02923227660357952,99660560599.70331,2.7851013897658174,249.8800048828125,8693529600.0,-694910255.7496501,0.6182605927139064
0.028452226892113686,104647543817.95062,2.9970547642970393,208.57000732421875,8883640320.0,-686507890.5026795,0.6182605927139064
0.024533048272132874,33737607791.601616,1.0753590400775874,259.0799865722656,10520009728.0,-807562538.664042,0.6238924706967265
0.034975238144397736,145622668893.7879,3.416618045634143,219.80999755859375,7573240832.0,-634565522.1783348,0.6182605927139064
0.0176845695823431,49156849612.68138,1.1901555381381141,346.57000732421875,11322754048.0,-919207004.2045528,0.6239153632954312
0.02440742217004299,69940086469.94347,2.051483240922747,291.6499938964844,10392693760.0,-786848338.3039608,0.6182605927139064
0.04464702308177948,235196781470.0556,4.5049322221576755,223.91000366210938,2292413440.0,-226576747.23313436,0.6182605927139064
0.03665105253458023,317978432322.6248,5.614040486219965,216.77000427246094,6433522688.0,-729025265.0092387,0.6182605927139064
0.030244523659348488,100904304501.16362,2.792502430184564,208.1699981689453,6914140672.0,-559562127.4196335,0.6182605927139064
0.02815469168126583,76213434510.90623,2.050942747859994,218.22999572753906,8721783808.0,-695001131.1807202,0.6182605927139064
0.029436111450195312,142157596941.18024,3.1864961252011645,202.05999755859375,8470099968.0,-662992836.4913403,0.6182605927139064
0.02233743667602539,326676779848.3043,6.0226082203480455,308.42999267578125,7294023680.0,-554058174.2949864,0.6182605927139064
0.04376622289419174,223134521934.6741,4.108684648382453,212.44000244140625,3674524672.0,-428583975.916316,0.6182605927139064
0.019999999552965164,106937388211.88132,2.633834325466135,241.0800018310547,6860340224.0,-508213881.74260914,0.6182605927139064
0.027784528210759163,341713328570.76984,6.496133730931969,308.8800048828125,9262455808.0,-727294547.7389454,0.6182605927139064
0.03667151555418968,176725074010.33685,4.188992909895675,207.6199951171875,5114490880.0,-443674683.4030854,0.6182605927139064
0.03033062443137169,132781114574.31253,3.33462127165748,218.0500030517578,4008624640.0,-356474279.9353797,0.6182605927139064
0.02560693956911564,52679894170.28816,1.4658294374521186,184.38999938964844,4662834176.0,-382178615.1592974,0.6171221091715519
0.028333546593785286,58037325445.63996,1.4657832942537488,173.52999877929688,4083147520.0,-334664449.6720013,0.6171221091715519
0.03144297003746033,232170841911.06387,4.569674363959814,237.00999450683594,8406622720.0,-865896387.222403,0.6182605927139064
0.019999999552965164,81281063229.793,2.503490170144102,260.7200012207031,6489155072.0,-485275210.28731406,0.6182605927139064
0.029988430440425873,53165041939.76245,1.5189074682035846,163.14999389648438,7984282112.0,-620343214.3189346,0.6171221091715519
0.041695840656757355,171418951250.81625,3.532844382550786,221.9600067138672,5218710016.0,-539793417.1058506,0.6182605927139064
0.018547961488366127,430445359925.9773,6.996199439080521,287.7200012207031,7285127680.0,-729953005.7386719,0.6182605927139064
0.04515758529305458,184891154372.08762,2.827818279383928,251.82000732421875,1757947264.0,-197971389.24675405,0.6182605927139064
0.048167403787374496,59626058077.32165,1.6111799484142304,174.1300048828125,855445824.0,-74459220.02756917,0.6150774481596953
0.02723042666912079,21178101115.973217,0.9640706901756319,229.6199951171875,8176179200.0,-621138482.0051024,0.6238924706967265
0.03751695901155472,100312572572.50491,2.546017281575156,281.2900085449219,2877705216.0,-323725079.5717933,0.6182605927139064
0.031435370445251465,125843530272.36879,2.948877142405288,198.69000244140625,8232973312.0,-664639660.7098765,0.6182605927139064
0.044106487184762955,203029904580.38968,4.192220526522749,178.1199951171875,2491841792.0,-292110011.0078007,0.6182605927139064
0.0452626533806324,168215654797.3024,3.4853195206167613,190.89999389648438,2903056128.0,-245846155.95337632,0.6182605927139064
0.040360018610954285,209251900643.71057,3.861687987925237,180.6999969482422,3886419200.0,-352155631.227344,0.6182605927139064
0.04277940094470978,129553918985.52654,2.829691075272019,174.3699951171875,924965120.0,-83901724.31382775,0.6182605927139064
0.039511073380708694,313150183941.782,4.697978576517872,271.760009765625,6377212928.0,-715981975.0343877,0.6182605927139064
0.03289160877466202,239073120776.59805,4.461858338233491,222.0800018310547,8254095360.0,-867549094.8199453,0.6182605927139064
0.031199686229228973,52320279345.60584,1.7569733467752806,192.1699981689453,3052326144.0,-248048160.57847553,0.6150774481596953
0.048494406044483185,193784686138.09357,3.9998942925178613,207.13999938964844,1546740480.0,-174374267.02386037,0.6182605927139064
0.046999040991067886,219812669707.72842,3.9998977212570352,207.00999450683594,1934805888.0,-218123583.7186688,0.6182605927139064
0.022272266447544098,57823637687.31536,1.5521239678480327,252.3300018310547,11190270976.0,-873949626.3325087,0.6171221091715519
0.02169082500040531,54049635160.20272,1.814141710320744,261.3999938964844,10309232640.0,-786050144.6241925,0.6182605927139064
0.04154462739825249,133878888915.54774,2.67660327027771,158.9499969482422,2946266880.0,-248052777.47645992,0.6182605927139064
0.02618793211877346,219082732901.277,4.0213161175098096,461.3500061035156,8821187584.0,-986502226.5529928,0.6182605927139064
0.018552763387560844,37363035485.69055,1.26657520580534,178.02999877929688,10499510272.0,-796932301.1881293,0.6228397354017392
0.05000000074505806,76210924838.85014,1.630005909920891,153.47999572753906,774401664.0,-78933991.14104746,0.6150774481596953
0.038125280290842056,22133554485.653236,0.9818525109207399,154.02999877929688,6324684288.0,-527432218.00989574,0.6238924706967265
0.043365105986595154,192093437158.47952,3.973560154937401,184.47999572753906,4331148800.0,-493402882.63730705,0.6182605927139064
0.04704974219202995,42130783051.182945,1.0348199581538249,177.22000122070312,1480124288.0,-125335484.97748193,0.6238924706967265
0.03822562098503113,109564327884.16124,1.9764623446158862,212.13999938964844,5396892672.0,-448205007.97035944,0.6182605927139064
0.026882441714406013,57661815438.578865,2.0179290952584115,173.75999450683594,7981875712.0,-596723759.4551822,0.6182605927139064
0.026922710239887238,62140157799.40944,2.0253489063951258,296.82000732421875,9449446400.0,-729128400.7223345,0.6182605927139064
0.027927914634346962,83661724375.11765,2.1532888002410253,155.8300018310547,8545733120.0,-653682523.1390662,0.6182605927139064
0.044686973094940186,122927715154.69609,2.869565435990525,194.9600067138672,688918528.0,-69035126.3400595,0.6182605927139064
0.030038397759199142,216523030626.24503,3.769437654527001,173.85000610351562,2740043520.0,-321286444.0107172,0.6182605927139064
0.0231942106038332,71598885725.54865,1.7787770223966826,228.17999267578125,8322726912.0,-624560881.4365236,0.6150774481596953
0.030973460525274277,148283128786.02045,2.0047141763113956,177.85000610351562,3032589312.0,-354458064.1734722,0.6182605927139064
0.020586464554071426,181861560854.8942,4.099154119667827,212.0500030517578,10372221952.0,-870586636.6403711,0.6182605927139064
0.027776658535003662,139340750534.74615,3.1350053059712764,213.07000732421875,9108593664.0,-785845600.7179788,0.6182605927139064
0.031609732657670975,97672369803.715,2.857244045301009,158.8699951171875,5938496000.0,-475073227.3524592,0.6182605927139064
0.022471679374575615,93998927144.97899,2.7435856593319765,219.35000610351562,11354217472.0,-917484098.3639958,0.6182605927139064
0.0387706533074379,181781130747.2597,3.8990921326046717,163.2100067138672,3139808768.0,-307351274.8721244,0.6182605927139064
0.030310172587633133,142056110221.4007,3.604923033164776,175.75,7943879680.0,-660933196.6836112,0.6182605927139064
0.02501043491065502,95165925547.13315,2.0954576151394946,256.6600036621094,8711274496.0,-649718455.7847259,0.6182605927139064
0.023282665759325027,56490302083.214714,1.756764852726569,207.6199951171875,9191035904.0,-695490662.1104237,0.6150774481596953
0.03166182339191437,44775413908.52278,1.54690016174046,152.30999755859375,6690798080.0,-518580732.2538155,0.6171221091715519
0.023270724341273308,48000444968.35215,1.7952098807365204,214.8000030517578,7070787072.0,-534507489.1484315,0.6150774481596953
0.03545968607068062,243727104726.59827,4.051065888729637,177.24000549316406,8104662528.0,-880982417.7131318,0.6182605927139064
0.05000000447034836,77542444010.8229,1.584134919144154,182.1300048828125,566858432.0,-64484836.36434422,0.6152361307865583
0.0348142571747303,39322558222.6351,1.4389198343013558,191.10000610351562,6991047680.0,-565384628.9635271,0.6206036918821297
0.05000000074505806,32105558710.21707,0.9016499824183598,205.35000610351562,846734080.0,-75749324.01358278,0.6238924706967265
0.024842597544193268,45677912385.39066,1.4592357212283733,275.45001220703125,10085551104.0,-798016721.4042268,0.6171221091715519
0.02989906445145607,119856086504.59682,1.6287977117964283,205.49000549316406,1070240640.0,-120833013.73029472,0.6150774481596953
0.05000000447034836,77765633403.21025,1.7453225999300186,215.36000061035156,769380992.0,-73184271.86279441,0.6150774481596953
0.025196176022291183,61498554490.82197,2.036978090186931,163.11000061035156,5739165696.0,-465979966.2563885,0.6182605927139064
0.04602447524666786,65448948139.61326,1.7530515791492296,183.80999755859375,1413487104.0,-126566045.80833673,0.6150774481596953
0.026674695312976837,69875755639.51927,2.252989483473282,180.19000244140625,7712722432.0,-627475949.4734311,0.6182605927139064
0.03024095669388771,147971500596.46417,3.1944958906870937,233.92999267578125,7901134336.0,-621157786.8574082,0.6182605927139064
0.032608676701784134,32845172397.309124,1.3356359825370128,159.61000061035156,3783201280.0,-295938157.0976043,0.6206036918821297
0.030518166720867157,22263307488.39245,1.040037685934747,158.50999450683594,8314358784.0,-648540779.2475519,0.6238924706967265
0.0326848141849041,195817931544.0868,3.2532592262577764,250.0399932861328,8616693760.0,-1010498851.9835829,0.6182605927139064
0.04232708364725113,85873214758.15195,2.431929160766838,184.91000366210938,3841509888.0,-321723842.61788476,0.6182605927139064
0.04234723374247551,83459411490.51892,1.570439695845726,201.6300048828125,2949337600.0,-252327153.66903672,0.6171221091715519
0.04553166404366493,107293019581.71178,3.0662269457748526,175.27999877929688,1549844864.0,-140268236.69304448,0.6182605927139064
0.03977492079138756,120292922705.28229,2.8680778385037304,168.3699951171875,3948507648.0,-350694844.1306408,0.6182605927139064
0.03233484923839569,172585770194.89816,3.5616846691948303,165.99000549316406,8332787200.0,-750280524.3453263,0.6182605927139064
0.020319251343607903,41720477727.99558,1.4680936347727425,270.8900146484375,11872053248.0,-902445626.1992414,0.6171221091715519
0.042795330286026,147259702554.86975,3.6916360578502987,205.77000427246094,3905958912.0,-341387781.41686153,0.6182605927139064
0.045276641845703125,166427403297.9807,3.78182389167115,203.63999938964844,3784314624.0,-330240447.682849,0.6182605927139064
0.02148178033530712,102769429507.85295,2.9340492161112723,309.8500061035156,10856365056.0,-833793832.8307791,0.6182605927139064
0.040058352053165436,307852770519.50903,5.484934438001491,292.45001220703125,6927508480.0,-746925405.6691173,0.6182605927139064
0.04634353518486023,110250766337.31546,2.285020028934715,181.17999267578125,2017091072.0,-179078472.60944432,0.6182605927139064
0.037393972277641296,249176402587.09302,4.205054151226454,257.45001220703125,6199696896.0,-714159670.5582485,0.6182605927139064
0.03016740269958973,83468183681.81584,2.4496747200471742,169.67999267578125,5124149248.0,-421205035.050206,0.6182605927139064
0.028632119297981262,61304626635.29571,1.5339532791927877,289.7200012207031,8145167872.0,-618648693.0715202,0.6171221091715519
0.030677808448672295,82035698481.22069,2.493710337536691,229.49000549316406,8563905024.0,-678748255.6791327,0.6182605927139064
0.016996243968605995,184362211417.94547,2.127737751335435,364.1499938964844,4925578752.0,-474010772.3985685,0.6182605927139064
0.026375558227300644,260760824547.51385,4.514748874414871,254.1300048828125,7346148352.0,-825988274.7782665,0.6182605927139064
0.02734883688390255,141091096578.31906,3.3216900958644935,270.8500061035156,10186988544.0,-808783188.1222886,0.6182605927139064
0.05000000074505806,129536560335.60481,2.7182275280749604,157.6999969482422,640540032.0,-65488492.85309994,0.6182605927139064
0.024056056514382362,42277217096.803314,1.4711908118272592,248.77000427246094,8851459072.0,-674866993.0587735,0.6171221091715519
0.027608457952737808,222860151238.706,3.469786242436399,240.58999633789062,8091500032.0,-920164023.2292373,0.6182605927139064
0.039325788617134094,134492079088.2273,3.490223226279624,238.58999633789062,5101187072.0,-433158521.7933296,0.6182605927139064
0.049801770597696304,177065861370.95605,2.5323920781599094,231.44000244140625,881754176.0,-91567137.18468532,0.6182605927139064
0.018641788512468338,39349931970.796364,1.5659718980438544,203.19000244140625,10738967552.0,-804639067.9659647,0.6171221091715519
0.021818406879901886,150380838965.40686,3.0835894379211157,291.3599853515625,10982610944.0,-871247816.887502,0.6182605927139064
0.03245043754577637,84438078834.80225,2.5776916416335363,155.3800048828125,5054425600.0,-398331453.6148154,0.6182605927139064
0.04716310650110245,203119418427.25095,4.14719758477479,198.67999267578125,1732710784.0,-152910439.0220455,0.6182605927139064
0.021487684920430183,37632130153.059074,1.0505817273982965,299.0799865722656,9806477312.0,-733651504.2157801,0.6238924706967265
0.01783972978591919,67217586696.5959,1.9214530812070607,173.8000030517578,10627432448.0,-827562768.4611139,0.6182605927139064
0.028602907434105873,418770737217.81305,6.505845160243566,281.510009765625,11947835392.0,-1285032481.62259,0.6182605927139064
0.019481806084513664,9758013626.74164,0.46697280013756287,173.38999938964844,5003376640.0,-373214631.9711066,0.6215983493397284
0.019999999552965164,60649309656.40407,2.040388231854424,205.6699981689453,8223758336.0,-613877641.3535051,0.6182605927139064
0.03708619251847267,192181607564.33722,4.395072261543939,201.61000061035156,4705843712.0,-407404326.95966804,0.6182605927139064
0.03193690627813339,84190282407.77682,2.371557680731286,155.8300018310547,4776751616.0,-367161904.6739237,0.6182605927139064
0.024881675839424133,270774046013.90512,5.6170417879585015,266.2200012207031,10385090560.0,-800209804.9924825,0.6182605927139064
0.040506601333618164,158942340965.98535,3.4124994739842363,196.60000610351562,718206848.0,-78290285.40758446,0.6182605927139064
0.02867119573056698,101560669434.35167,2.8587272692827854,175.4199981689453,8837488640.0,-722011939.0252676,0.6182605927139064
0.041136812418699265,208083558716.42667,4.596289737950967,211.9499969482422,6069389824.0,-629918434.4730818,0.6182605927139064
0.03655383363366127,206121519266.2099,4.741638086325516,176.16000366210938,5138949120.0,-497570375.9894094,0.6182605927139064
0.03461163863539696,69527321580.26222,1.6377340761870829,203.13999938964844,4389991936.0,-374511427.3715425,0.6150774481596953
0.02240804024040699,91159564070.97733,2.321840695400439,171.85000610351562,8548981760.0,-706473161.1958611,0.6182605927139064
0.04999999701976776,115795501609.67728,3.014923862437832,218.75999450683594,844005888.0,-80288280.4259717,0.6182605927139064
0.03169992193579674,212478373880.8103,3.402784053870322,224.4499969482422,8163430400.0,-876288529.9608508,0.6182605927139064
0.048125311732292175,73244784023.0435,1.800791310461898,156.67999267578125,1375511808.0,-121855730.32434414,0.6182605927139064
0.029672197997570038,125751194199.45006,2.9627491411117557,250.0399932861328,8056869888.0,-630477227.8507878,0.6182605927139064
0.019916580989956856,254288128216.36398,5.1979337079456105,240.19000244140625,11676382208.0,-947508064.4078658,0.6182605927139064
0.018501898273825645,19268843019.87596,0.7401158294738053,260.07000732421875,7583747072.0,-571000595.895831,0.6237116624584638
0.031730785965919495,86354927249.35643,2.139219125849219,222.99000549316406,6709006848.0,-544142896.4145044,0.6182605927139064
0.02602502703666687,38427183430.65077,1.5245809168863167,246.3800048828125,9321776128.0,-714503755.1952429,0.6171221091715519
0.047411300241947174,90418747571.64449,2.3023955607759,155.77000427246094,1350328448.0,-120209919.72500491,0.6182605927139064
0.049610722810029984,182176166927.92612,4.00565230476882,254.38999938964844,1303028096.0,-141632389.50828746,0.6182605927139064
0.02312987484037876,118013863271.3731,2.2080968544958175,207.61000061035156,1985406208.0,-208551667.10434228,0.6182605927139064
0.0255934726446867,87593700757.18633,2.3252548039491288,182.47999572753906,5912991744.0,-491981598.50972956,0.6182605927139064
0.02496180310845375,39952462396.46679,0.9387595166747277,342.8999938964844,8708765696.0,-660261253.1076626,0.6238924706967265
0.028399813920259476,268422103751.8315,5.161824899606049,304.989990234375,10108477440.0,-804418468.4669099,0.6182605927139064
0.05000000074505806,63508214747.58335,1.653107235740021,211.1699981689453,785721920.0,-67216107.38537666,0.6150774481596953
0.027921950444579124,361290340212.57764,6.851789261899334,339.4100036621094,9983605760.0,-788162587.8722254,0.6182605927139064
0.019999999552965164,32679451128.55296,1.0607782107619261,203.49000549316406,5514893312.0,-407444696.4889687,0.6238924706967265
0.03813541680574417,187381133836.3332,2.577114087852921,236.0500030517578,4317835776.0,-398621752.9222927,0.6182605927139064
0.03657183423638344,438700552778.7623,5.820987211454462,392.55999755859375,6404983808.0,-558607315.2242942,0.6182605927139064
0.037469662725925446,157605419482.0424,2.1504961283769273,269.69000244140625,4853786624.0,-430161315.11284983,0.6182605927139064
0.02882559783756733,114101817517.74893,2.4320040440981208,215.00999450683594,7128854528.0,-574789298.8504753,0.6182605927139064
0.04251640662550926,197986567440.0508,1.9609628600328575,214.32000732421875,2395140608.0,-271075948.709695,0.6182605927139064
0.03194991126656532,391590126640.61475,5.539967090453061,347.57000732421875,11218220032.0,-1165119759.0293689,0.6182605927139064
0.026202859356999397,165375040087.21588,2.8663951825296317,248.61000061035156,6445580288.0,-528866014.6174169,0.6182605927139064
0.011125066317617893,113983716338.20264,1.5397542630813834,456.42999267578125,6645673472.0,-615155490.125181,0.6171221091715519
0.025961877778172493,42586525984.059166,1.5503715749044478,205.08999633789062,9082608640.0,-692475962.8745157,0.6171221091715519
0.018518932163715363,152708725024.8286,3.5233229506571755,257.760009765625,11730644992.0,-943749895.1824015,0.6182605927139064
0.023657990619540215,163104960513.1319,3.669450651081131,340.8699951171875,11884025856.0,-960884695.8048342,0.6182605927139064
0.043849438428878784,52495183275.21585,1.289584766817757,196.0800018310547,2050297728.0,-188941833.43137392,0.6206036918821297
0.024352723732590675,51840448354.06374,1.86521021294642,212.42999267578125,10361401344.0,-818159469.1536565,0.6182605927139064
0.031857721507549286,58521680900.869965,1.6508155916338982,183.80999755859375,3591863808.0,-303901378.6754609,0.6150774481596953
0.0409410260617733,252365281472.88602,4.856539690154984,190.9499969482422,5510352384.0,-633385306.1210489,0.6182605927139064
0.04387616738677025,326179610203.25385,5.138912899595141,229.5,3803501568.0,-337411714.2531918,0.6182605927139064
0.04089219868183136,80432120775.14734,2.3544123585839136,198.5399932861328,3962631424.0,-326608397.2740345,0.6182605927139064
0.024832075461745262,127433094034.02696,3.2309215042927977,219.38999938964844,8330916864.0,-630398164.7563984,0.6182605927139064
0.0310476366430521,85368139798.04283,2.3735285473389913,175.66000366210938,7864782848.0,-602198860.0203959,0.6182605927139064
0.03909170627593994,344810970574.81085,6.453836305097905,257.1099853515625,7143149568.0,-798669518.654824,0.6182605927139064
0.023974984884262085,41017721235.427704,1.4283865420395192,262.0400085449219,7534714368.0,-570500509.2726555,0.6206036918821297
0.04129067435860634,68185067378.18186,1.6989093091043361,268.04998779296875,1765895552.0,-196576974.73589694,0.6150774481596953
0.036344755440950394,142923645533.20508,3.2909268162780934,235.14999389648438,3792931840.0,-330689428.4568571,0.6182605927139064
0.02595781534910202,85365092217.05487,2.6175597975946983,166.86000061035156,8058464768.0,-612453958.6623052,0.6182605927139064
0.02197221852838993,237346902134.47162,3.4930683283250543,301.2300109863281,12868517888.0,-1094740658.6917493,0.6182605927139064
0.04348718002438545,231003057356.53967,5.002727664281304,212.16000366210938,5003150848.0,-571733768.6774468,0.6182605927139064
0.023925455287098885,146246143899.40063,3.7280407962663737,269.7900085449219,10532410368.0,-883050009.3573341,0.6182605927139064
0.0379437655210495,90772710007.04207,2.5659787540576744,170.22000122070312,2400313344.0,-198978883.0121684,0.6182605927139064
0.021174835041165352,16764882027.887466,0.847111095150642,167.1699981689453,5628436480.0,-418227121.8018474,0.6238924706967265
0.025836771354079247,79794545092.96642,2.5118864999721713,152.02000427246094,8757703680.0,-710207497.4172453,0.6182605927139064
0.023853259161114693,26669510321.105755,1.2127929970861802,178.67999267578125,10534103040.0,-804389102.9914256,0.6239153632954312
0.041784968227148056,87435891611.54382,2.6101477627993246,197.3300018310547,823969152.0,-76677610.42045613,0.6182605927139064
0.032596565783023834,153816729203.69376,3.7152707459031418,204.4499969482422,6527390720.0,-548013166.0841917,0.6182605927139064
0.019999999552965164,77568019372.75342,2.369277138182617,306.510009765625,8280471040.0,-613215394.420498,0.6182605927139064
0.0302150696516037,262958428606.31137,5.502079423450002,264.5199890136719,9170508800.0,-745389088.716736,0.6182605927139064
0.028686966747045517,56534064592.43052,1.9814086524962045,152.5800018310547,8986800128.0,-691133570.9038227,0.6182605927139064
0.026935379952192307,58651231591.54804,1.951186280723914,236.05999755859375,8328138752.0,-644301292.8664012,0.6182605927139064
0.032874222844839096,50117085055.79566,1.6404010753719251,152.33999633789062,6641892864.0,-528343459.54450315,0.6150774481596953
0.016689445823431015,59819456221.21972,2.0262333021109513,156.2100067138672,9686227968.0,-795078932.9502468,0.6182605927139064
0.04402127116918564,109263665340.63391,2.021566811024578,190.99000549316406,538665216.0,-58636373.98828646,0.6182605927139064
0.027828212827444077,126282522013.21848,3.0590286062058856,246.7100067138672,9354508288.0,-713266701.7143489,0.6182605927139064
0.0332380048930645,296947182930.3595,3.9578910646244556,243.1300048828125,7143453184.0,-739326392.614066,0.6182605927139064
0.03167848289012909,65351997013.215454,1.4578115986270233,156.17999267578125,3537328128.0,-364112906.2348323,0.6206036918821297
0.0438380166888237,89206675481.6143,2.694963878682273,151.49000549316406,2860852736.0,-238880221.033579,0.6182605927139064
0.019179081544280052,58412400079.71728,1.8499764902507552,263.1099853515625,11940194304.0,-896744801.9575418,0.6182605927139064
0.0235039833933115,22553731095.30153,1.0679066933091075,246.72999572753906,6435676672.0,-483081409.3224321,0.6238924706967265
0.035172346979379654,69783820859.64171,1.7088991213288092,209.72999572753906,6545581568.0,-549219560.2612258,0.6150774481596953
0.04674135148525238,230491881771.87387,3.9172901203534876,229.49000549316406,2336374272.0,-235591038.72654095,0.6182605927139064
0.0245239045470953,91973362848.06654,2.1449165806992045,267.1300048828125,10026149888.0,-766957818.0611314,0.6182605927139064
0.03898012638092041,153343999016.36658,2.561235627211714,225.25999450683594,5281014784.0,-462199281.5179746,0.6182605927139064
0.020644057542085648,28911270548.51297,0.8997973284441668,306.9599914550781,9302926336.0,-704534079.1767308,0.6238924706967265
0.04999999701976776,33062871102.29169,1.0140582891149776,171.6199951171875,960586880.0,-82731236.43488307,0.6238924706967265
0.025187212973833084,88826369055.47876,2.1774635315890447,261.82000732421875,10829260800.0,-850262728.9856863,0.6182605927139064
0.029315868392586708,160012644536.84592,2.234090401770116,261.29998779296875,8341888512.0,-692260675.9558456,0.6182605927139064
0.045437972992658615,110933563416.35011,2.227316500157817,198.97999572753906,2561345792.0,-216133435.71455216,0.6182605927139064
0.035387393087148666,197609463954.487,3.8234331202894456,184.4499969482422,3927387392.0,-332752008.76091224,0.6182605927139064
0.03616839274764061,171805058133.39398,3.2626928050812984,191.3800048828125,3553822976.0,-299117363.4659688,0.6182605927139064
0.01754838600754738,125916181340.00922,3.3827730535040277,224.4199981689453,10363926528.0,-883946638.5435134,0.6182605927139064
0.03424632549285889,53057799282.21012,1.2692125358994992,158.47999572753906,2654100480.0,-219858464.9502608,0.6206036918821297
0.040608782321214676,82821761637.80054,2.547274957548161,190.2899932861328,3820956928.0,-361472206.5224835,0.6182605927139064
0.037960488349199295,61812420670.49431,1.5470246280970044,164.88999938964844,4724803072.0,-391377747.1715844,0.6171221091715519
0.029042305424809456,55443802495.851944,1.9495863950535905,215.41000366210938,8032695296.0,-628016790.8701457,0.6182605927139064
0.024753576144576073,129734473712.76941,3.305783642863301,219.19000244140625,9846313984.0,-755258095.4423826,0.6182605927139064
0.027307545766234398,61378044028.19055,1.9241083576194753,184.39999389648438,8660649984.0,-680276953.2431762,0.6182605927139064
0.020406316965818405,87781832835.42938,2.249652447057175,270.1300048828125,10778347520.0,-857048106.1382897,0.6182605927139064
0.04531821608543396,133078139689.657,3.1102363006105938,206.00999450683594,2918086656.0,-255552520.9880395,0.6182605927139064
0.028366535902023315,119997746755.26569,2.8108414635908154,184.85000610351562,4888243200.0,-364175453.48147947,0.6182605927139064
0.019999999552965164,97311640258.2528,2.700553147752266,206.8800048828125,12999999488.0,-1023432427.2559873,0.6182605927139064
0.03483081981539726,272922991199.98764,5.4551414946525485,253.14999389648438,9603971072.0,-1026570727.7136385,0.6182605927139064
0.05000000074505806,114699946595.79805,2.1046215127812413,234.47000122070312,1257713536.0,-137224409.01048696,0.6182605927139064
0.022937074303627014,189502388749.47882,4.234240770099665,272.0299987792969,11156380672.0,-901021598.2561473,0.6182605927139064
0.05000000074505806,169188535548.71545,3.097402736036575,215.99000549316406,904790080.0,-77971871.74001342,0.6182605927139064
0.011921575292944908,58877779812.911835,1.8676946345340226,268.04998779296875,3702677504.0,-419912734.4269352,0.6182605927139064
0.032443754374980927,561731942682.2404,8.253794677116952,421.17999267578125,8175674880.0,-666691691.1554908,0.6182605927139064
0.018143028020858765,143849731193.9308,3.3210199965688565,261.05999755859375,12215693312.0,-986512827.7291651,0.6182605927139064
0.05000000074505806,143076364263.74924,2.4941917172014323,215.22000122070312,459292000.0,-53565764.71798153,0.6182605927139064
0.03716468811035156,314317522056.7414,5.879356015430434,229.8000030517578,7082948608.0,-590736599.6754931,0.6182605927139064
0.034036483615636826,202273336121.38342,3.655084140845514,227.14999389648438,7442723840.0,-848549955.0247355,0.6182605927139064
0.04395679011940956,66374749747.68006,2.026172787891675,170.89999389648438,919875776.0,-83337767.0938454,0.6182605927139064
0.039860885590314865,21009216514.508713,0.80206589439803,151.14999389648438,2600219648.0,-218422869.64886093,0.6237116624584638
0.019999999552965164,186012150771.96082,4.375209856077728,250.83999633789062,12999999488.0,-1286755123.0048406,0.6182605927139064
0.033325035125017166,78767663620.01059,1.983311586251425,172.8000030517578,5220920832.0,-392202103.02598745,0.6182605927139064
0.0432584173977375,219090535120.42413,4.122580148045097,219.16000366210938,2953600512.0,-305542186.72712,0.6182605927139064
0.03491803631186485,123597071902.04951,2.5131481346287283,199.33999633789062,5897835008.0,-490255284.5695346,0.6182605927139064
0.030997490510344505,103224907163.59053,2.663362516888257,188.13999938964844,7019921408.0,-572611565.155315,0.6182605927139064
0.03443261608481407,70229317093.40479,2.1594787568858598,167.05999755859375,5214913536.0,-414070807.5353056,0.6182605927139064
0.034538011997938156,82269587608.29108,1.843394052376677,183.38999938964844,5609084416.0,-441254359.8770945,0.6182605927139064
0.01376158557832241,13574904036.339418,0.5976447483656865,216.44000244140625,9453168640.0,-702069814.5368748,0.6224522919182118
0.032166242599487305,100653051908.70558,2.930321208988091,157.35000610351562,7539938816.0,-599254314.0512825,0.6182605927139064
0.02990763448178768,142973645048.8509,3.431269589333262,180.55999755859375,7938222080.0,-611072633.0331776,0.6182605927139064
0.05000000074505806,130466727070.80276,3.277812039142981,205.9199981689453,766139904.0,-78921886.50338845,0.6182605927139064
0.05000000074505806,61822479605.77777,1.173911055010126,180.55999755859375,647236480.0,-62507138.17923192,0.6239153632954312
0.02134869247674942,29865241448.124474,1.1856389773450802,204.75999450683594,9531801600.0,-724273747.8946636,0.6239153632954312
0.03612189739942551,99526643207.99706,2.7585727461623835,181.77999877929688,4480531968.0,-374549481.53285396,0.6182605927139064
0.03101515956223011,145242746725.58704,2.567040527327738,164.60000610351562,2690833664.0,-300077987.2357701,0.6182605927139064
0.049593087285757065,61178326507.418045,2.1010943385062597,170.58999633789062,836293504.0,-76064844.38950253,0.6182605927139064
0.030707649886608124,67874733073.203896,2.192097365114572,154.02999877929688,4626795520.0,-394879623.05604166,0.6182605927139064
0.05000000074505806,155184688884.16333,2.3183171740660033,209.02999877929688,640540032.0,-68888508.18461606,0.6182605927139064
0.017887922003865242,28906446388.202827,1.2508708196305052,191.8000030517578,11306525696.0,-852722506.3191676,0.6228397354017392
0.03884951025247574,52501341731.8735,1.7724040642039574,160.66000366210938,3271469568.0,-261707940.47547737,0.6150774481596953
0.02106233686208725,38201082648.05621,1.3271107471361088,181.3000030517578,5508938752.0,-413984080.79728174,0.6206036918821297
0.04607359319925308,221307376844.0956,4.590975709502288,252.97999572753906,885601472.0,-99658151.9224085,0.6182605927139064
0.028959227725863457,77571981063.15012,2.2211534115531304,208.27000427246094,6356214784.0,-518939315.12702876,0.6182605927139064
0.048101380467414856,149780965574.94562,1.8543098918618761,262.3800048828125,1015533952.0,-118431158.08166161,0.6182605927139064
0.03003874607384205,40952014066.32917,1.3370080610094488,163.6300048828125,8281711104.0,-658108043.9119837,0.6206036918821297
0.015451090410351753,138863519022.11,3.46600526003737,204.6999969482422,9528855552.0,-779386723.8477322,0.6182605927139064
0.035488877445459366,76560166780.59421,1.1682000696240136,161.60000610351562,3739889664.0,-334915853.6037209,0.6239153632954312
0.042050447314977646,267500555486.7439,4.245422230178711,246.8300018310547,2187411712.0,-254555999.43217668,0.6182605927139064
0.03664371743798256,163805212585.48828,3.362513686623284,210.7100067138672,5463101440.0,-462214194.6484189,0.6182605927139064
0.04045972228050232,175726308229.50946,3.108977393467974,161.33999633789062,4731425280.0,-514958764.4257732,0.6182605927139064
0.04392175003886223,343100723450.67035,5.032343400463864,209.25,3228045312.0,-308759339.36572874,0.6182605927139064
0.026474177837371826,101642662293.06647,2.1425342643834813,161.25999450683594,202982704.0,-23590243.45014792,0.6182605927139064
0.0409957580268383,192239390017.22812,3.810551734536415,254.22999572753906,8331562496.0,-951554021.3784238,0.6182605927139064
0.04657728970050812,92245058299.05019,2.5608535192634014,163.5,1469912064.0,-132243793.10426836,0.6182605927139064
0.02585691213607788,99530263231.04605,2.597573983509718,174.72000122070312,7421946368.0,-581044473.9470259,0.6182605927139064
0.018366055563092232,163279505882.8906,1.7755013437653304,274.4700012207031,9195076608.0,-771513046.0092657,0.6150774481596953
0.039540115743875504,84893258349.63823,1.9421146002071232,179.35000610351562,925620864.0,-93740049.15163368,0.6182605927139064
0.04667987674474716,112204193652.55293,2.368092361864938,187.86000061035156,2445372928.0,-222618215.76097497,0.6182605927139064
0.05000000074505806,56952827608.86715,1.6514413712126352,171.33999633789062,742790144.0,-66720374.953186974,0.6150774481596953
0.03043505921959877,130725946406.68756,3.0006237947184866,192.94000244140625,7643952128.0,-615822018.2985814,0.6182605927139064
0.04815094918012619,98014228689.53856,2.2383339223270293,152.72000122070312,986255104.0,-87388725.43301657,0.6182605927139064
0.03341472148895264,108338830473.46576,2.4916233693101573,188.02000427246094,6994367488.0,-562994751.363101,0.6182605927139064
0.027741296216845512,102853226625.54247,2.652657520502608,176.22000122070312,7961744384.0,-641178641.0272322,0.6182605927139064
0.035467226058244705,71531868359.02864,2.1248648120728917,174.44000244140625,3381807104.0,-285640251.04101235,0.6182605927139064
0.03443150222301483,153158010399.83368,3.290142000048987,203.97000122070312,5880106496.0,-482096806.2945994,0.6182605927139064
0.03423523157835007,161288585268.97107,3.37330192989388,193.5800018310547,6302147072.0,-511324938.1933272,0.6182605927139064
0.05000000074505806,126820970290.62126,3.2656141738034674,186.92999267578125,561613632.0,-58066846.77314023,0.6182605927139064
0.03524398058652878,51679385251.46641,1.6979301867742242,151.97000122070312,4865213440.0,-395215563.1140101,0.6150774481596953
0.05000000074505806,335314710022.06,4.798389525201829,188.61000061035156,1127788544.0,-122949070.8573915,0.6182605927139064
0.045572806149721146,102181449492.26547,2.2253750811843784,168.17999267578125,478247136.0,-52960129.438358255,0.6182605927139064
0.04683838039636612,157036947754.67902,2.648158900027148,208.2100067138672,1427543296.0,-148445457.97302106,0.6182605927139064
0.011982224881649017,275152351760.84064,4.520059061364274,210.9600067138672,6244496896.0,-600136451.7694705,0.6182605927139064
0.04090426117181778,42287094915.046646,1.3027672173893035,164.72999572753906,2450959104.0,-218445453.90549654,0.6206036918821297
0.021072223782539368,16517738841.54256,0.8064155541960437,208.05999755859375,6843951104.0,-507147606.6978299,0.6237116624584638
0.01743207685649395,15300131585.446466,0.8055088336203822,189.16000366210938,8767812608.0,-649692811.0277425,0.6237116624584638
0.03973222151398659,177830557973.15997,3.836854164302889,186.22000122070312,4373273088.0,-436271719.0958382,0.6182605927139064
0.04744275286793709,101945326737.3446,2.8870009661642295,153.97000122070312,2018388480.0,-178969151.65024537,0.6182605927139064
0.03557581827044487,234689042480.24106,4.720189748223438,253.0800018310547,6762915840.0,-732979620.26802,0.6182605927139064
0.042573146522045135,224250002913.86896,4.550973982662003,220.30999755859375,4965860352.0,-538049311.5702907,0.6182605927139064
0.038563843816518784,499849307404.6696,6.978332386888625,463.010009765625,8025456128.0,-845528826.9735079,0.6182605927139064
0.0321476012468338,122685743157.19633,2.7389491123504737,215.3800048828125,7662178304.0,-664070647.1622002,0.6182605927139064
0.03340466693043709,86239478197.667,2.597926801268404,177.4600067138672,6999826432.0,-701648610.664337,0.6182605927139064
0.04319439455866814,89464967522.2164,2.678542473970393,151.69000244140625,3047903744.0,-266452526.79829782,0.6182605927139064
0.038117263466119766,74628932468.74188,2.085155981828671,153.8000030517578,4507562496.0,-358285567.5988576,0.6182605927139064
0.026227770373225212,131757802757.38863,3.3501743564414204,209.6699981689453,9195827200.0,-713528405.2835337,0.6182605927139064
0.019962750375270844,97561570776.7746,2.472375394221575,181.89999389648438,11884578816.0,-934259592.6289843,0.6182605927139064
0.04336506873369217,73999190246.01068,1.9576566536215756,171.91000366210938,3109758464.0,-258201713.46850112,0.6182605927139064
0.026106450706720352,43434554687.07651,1.6722248107759983,196.3699951171875,7066203136.0,-536982656.1127163,0.6150774481596953
0.025076065212488174,244674476431.71655,4.311457230184213,287.3599853515625,10631936000.0,-854656541.8395675,0.6182605927139064
0.032648321241140366,209551909876.14114,3.8242418147103585,238.5500030517578,8866297856.0,-1015117944.3221207,0.6182605927139064
0.04742331802845001,148481927530.6648,2.527043097897497,180.5,1889884288.0,-215843507.0620673,0.6182605927139064
0.04748216271400452,86876131868.35677,2.5294265103072777,191.97999572753906,1783628544.0,-157909438.4470003,0.6182605927139064
0.0405459888279438,98033953446.09662,2.3089605726978433,219.2100067138672,2513450496.0,-217033172.96644115,0.6182605927139064
0.0314316488802433,91381357344.82187,2.7257995884478277,164.6999969482422,7716047872.0,-602101519.5669622,0.6182605927139064
0.01835380494594574,53507992408.66474,1.377257875468281,340.05999755859375,11854596096.0,-886889336.7927331,0.6206036918821297
0.0318814218044281,252611397362.87344,4.7882310270419834,266.44000244140625,7294497792.0,-596954918.3527049,0.6182605927139064
0.0335334911942482,53952340726.74539,1.8452775288087815,230.6699981689453,7886548992.0,-628319741.2665985,0.6182605927139064
0.021486720070242882,52063154178.64706,1.8004865868235416,243.25999450683594,6859487232.0,-515433728.38896626,0.6182605927139064
0.043578747659921646,281045444455.17596,4.543020832658291,274.3399963378906,4547443712.0,-482717734.43733627,0.6182605927139064
0.037100620567798615,209724681337.18365,4.276363329930163,182.82000732421875,7073965056.0,-765925952.4963133,0.6182605927139064
0.025126410648226738,31090417362.067112,1.277170394768548,245.24000549316406,9158870016.0,-715620044.1332145,0.6206036918821297
0.02232074923813343,51247402214.07997,1.4564257719721636,164.89999389648438,7766915584.0,-613424387.3049421,0.6206036918821297
0.049691908061504364,70634814766.53046,2.1433500000741166,163.67999267578125,1336157696.0,-116152553.45315586,0.6182605927139064
0.04300330951809883,291563801789.60034,5.714556532677947,245.14999389648438,5868615680.0,-486262820.26724714,0.6182605927139064
0.026349404826760292,35820734380.985245,1.4442247347791983,211.88999938964844,9374490624.0,-730403328.3583957,0.6206036918821297
0.04202725738286972,90090151327.0922,2.0967599266875356,199.97000122070312,3315645440.0,-281555208.5591932,0.6182605927139064
0.0219244584441185,17445348407.48442,0.7055083445454292,305.739990234375,11300051968.0,-920071074.4892795,0.6237116624584638
0.028175532817840576,297194765179.13513,5.586213891293596,265.8399963378906,9198647296.0,-1029495225.352835,0.6182605927139064
0.04805382341146469,119061429559.49889,2.28787824754531,173.02999877929688,1140672768.0,-121711690.13996321,0.6182605927139064
0.044280558824539185,115424338540.30675,3.065552402056433,195.2100067138672,3288645376.0,-291062393.9131843,0.6182605927139064
0.04472953453660011,330281254423.7405,6.2600435190565795,291.42999267578125,2704233984.0,-316699312.2480629,0.6182605927139064
0.025897635146975517,140542171525.48984,3.585102798679466,177.8699951171875,9953960960.0,-788305892.7720048,0.6182605927139064
0.023318804800510406,109259525644.58008,2.7492916935319682,206.42999267578125,10950035456.0,-985792090.3292165,0.6182605927139064
0.02413293346762657,124104710139.42029,3.2268310147984507,251.36000061035156,9908951040.0,-772523681.0058827,0.6182605927139064
0.031708646565675735,62014215674.743256,1.7550364298140788,193.3699951171875,7522653184.0,-587296392.1020705,0.6150774481596953
0.02912323921918869,192546159356.25894,3.6547552031784583,193.63999938964844,5841143808.0,-539404748.0907583,0.6182605927139064
0.02693149633705616,248803720271.57376,5.146616888765429,256.7300109863281,9186003968.0,-726908843.0122814,0.6182605927139064
0.036394961178302765,86521216806.50928,2.5790932823403088,192.50999450683594,4939457536.0,-409291284.31318945,0.6182605927139064
0.019258718937635422,36098234563.69118,1.0468511425706908,159.27999877929688,11685082112.0,-923866386.2508645,0.6238924706967265
0.047575075179338455,175538801730.8959,3.012376528227772,187.0399932861328,2140802560.0,-228033849.5541995,0.6182605927139064
0.04164860397577286,91785203569.91989,2.5796233290060973,201.1199951171875,4648229888.0,-382817607.19727725,0.6182605927139064
0.044160034507513046,149280038684.98663,3.0352444852401477,221.72999572753906,4536956928.0,-390464694.5194465,0.6182605927139064
0.03231804817914963,181293813367.95554,4.032911550265289,273.9200134277344,7840486400.0,-660708075.9081674,0.6182605927139064
0.027976753190159798,97187534904.1063,2.7306267819004812,177.97000122070312,9152321536.0,-747313471.6478558,0.6182605927139064
0.04410811513662338,192090939846.9963,3.5375538574315057,164.67999267578125,1722784128.0,-199329658.7295039,0.6182605927139064
0.022670693695545197,26017361351.831413,1.1801728915589198,176.6300048828125,7092109824.0,-536379712.16958594,0.6239153632954312
0.036147937178611755,165613861249.2178,3.945559686678171,212.27000427246094,7671648768.0,-777112754.4517653,0.6182605927139064
0.022342989221215248,249520712792.53033,2.9261149233822907,198.17999267578125,3974782720.0,-433518651.6241407,0.6182605927139064
0.03867863118648529,369187208681.94995,6.870478377486859,235.11000061035156,6203502592.0,-629985666.7397172,0.6182605927139064
0.042412158101797104,124743017666.76643,3.1836993697615976,203.60000610351562,4020535296.0,-347303744.8964916,0.6182605927139064
0.034984201192855835,98386429037.89291,2.631020815289345,161.8800048828125,5360935936.0,-419598924.3400706,0.6182605927139064
0.0229923278093338,197185316945.70868,4.557202386063876,259.8999938964844,10109095936.0,-778238492.2838734,0.6182605927139064
0.03196096792817116,143880821086.8986,2.8849853151331764,194.4600067138672,7214726144.0,-575214395.4985063,0.6182605927139064
0.025022784247994423,106839758134.05983,3.0423305093508826,267.489990234375,7102345728.0,-533240227.2481433,0.6182605927139064
0.033679552376270294,144773298441.12448,3.701463294436997,259.2699890136719,9205628928.0,-760930514.7388092,0.6182605927139064
0.05000000074505806,110785910243.74776,1.7216128713756225,207.22000122070312,640540032.0,-63193529.606081605,0.6150774481596953
0.032884497195482254,197141437062.92014,3.7985720778136742,249.8300018310547,10289620992.0,-1056386772.3342817,0.6182605927139064
0.034693166613578796,143025340539.37317,3.067182740581143,177.72000122070312,6165452288.0,-520600852.22425675,0.6182605927139064
0.030758045613765717,45777002021.44227,1.6920925805234412,158.97999572753906,5271021056.0,-412916285.2644975,0.6150774481596953
0.033291563391685486,152034351775.22696,3.459145463577889,218.27000427246094,6021460992.0,-503475989.6553644,0.6182605927139064
0.042393848299980164,246054583699.09897,5.028849280922814,192.0500030517578,5309621760.0,-557258010.6296904,0.6182605927139064
0.02559139020740986,201491060521.93185,4.4379684345707195,269.5199890136719,10085072896.0,-778106332.6735499,0.6182605927139064
0.020000001415610313,111474516235.43906,3.03611545848556,213.22000122070312,12270995456.0,-974861436.4978905,0.6182605927139064
0.02406853809952736,179864327696.06995,3.992997414751483,218.8300018310547,10471916544.0,-1073463760.0472586,0.6182605927139064
0.04727604612708092,89663805910.71529,2.227080667616888,221.82000732421875,1966288640.0,-164615659.1312564,0.6182605927139064
0.022683044895529747,84883441460.2611,2.461995240701722,259.8800048828125,10967193600.0,-862697673.8678114,0.6182605927139064
0.03724338859319687,116041408618.33878,2.906339151210747,171.60000610351562,5257335808.0,-485696556.3424051,0.6182605927139064
0.0498846061527729,77297462420.37779,1.4309920932684232,179.8699951171875,958258816.0,-88608781.08736351,0.6206036918821297
0.04917985573410988,66916779173.13689,1.9789240454113375,162.3000030517578,1459337088.0,-134316015.88258404,0.6182605927139064
0.04663576930761337,41086987123.98216,1.45306577850229,173.24000549316406,1029345216.0,-88948385.72030886,0.6206036918821297
0.03178552910685539,81522144133.3596,2.443094892258687,159.99000549316406,6940095488.0,-549214515.6426637,0.6182605927139064
0.022816291078925133,26229063302.686222,1.142152957184972,164.88999938964844,5748110848.0,-434850252.32783926,0.6239153632954312
0.02432718500494957,61593460423.73665,1.7137158483646495,182.49000549316406,9934276608.0,-771881372.4989015,0.6150774481596953
0.04342092201113701,113026979994.72179,3.1598760138053166,185.1300048828125,3039486208.0,-250992175.49142843,0.6182605927139064
0.043754223734140396,133229873618.48611,3.233557682347069,166.6300048828125,2097209472.0,-200076416.30988067,0.6182605927139064
0.03694853186607361,53965948838.095955,1.869345041504314,197.39999389648438,4473592832.0,-378381706.0612076,0.6182605927139064
0.027675874531269073,151918633371.21274,3.3687292912008964,245.1699981689453,8714537984.0,-674338665.9100059,0.6182605927139064
0.028124893084168434,136756024602.58682,2.6867605562094976,210.25999450683594,3158169600.0,-276103397.34337,0.6182605927139064
0.027471452951431274,35137085139.11129,1.4265796263734596,170.08999633789062,2196188160.0,-237143110.53214413,0.6206036918821297
0.04241520166397095,96477943167.3736,1.9211280213740392,188.86000061035156,2507754752.0,-209410984.93246773,0.6182605927139064
0.031347982585430145,113531061090.85475,2.194575439607636,192.52000427246094,7278152704.0,-612782502.7970825,0.6182605927139064
0.036656059324741364,48925585231.71552,1.7897300802697316,196.66000366210938,6423302656.0,-536894277.4638537,0.6150774481596953
0.03244577720761299,53241893182.36344,1.5233963796205614,192.89999389648438,7281111552.0,-563894456.9457668,0.6171221091715519
0.022740906104445457,143871425798.62775,3.7267320190891566,226.72999572753906,10239932416.0,-776587168.5083435,0.6182605927139064
0.03691408038139343,197106198783.30505,4.566826225112084,207.80999755859375,4794918912.0,-421062631.50812083,0.6182605927139064
0.04283834248781204,113951445857.13156,2.750664837684148,195.6699981689453,2884505856.0,-244172696.87421063,0.6182605927139064
0.03363202512264252,139738195524.60498,2.9588883566708755,206.2100067138672,7333689856.0,-672318725.9058903,0.6182605927139064
0.041127029806375504,330947203292.6032,3.737144373845962,260.67999267578125,4446915584.0,-467750780.17560655,0.6182605927139064
0.02721577323973179,135643592391.10931,2.7689925920913603,221.22000122070312,8864503808.0,-915961507.6692042,0.6182605927139064
0.019597696140408516,82175715335.61726,2.329629499263814,170.9199981689453,10059722752.0,-791082172.8129944,0.6182605927139064
0.04169454798102379,73460756560.7199,1.8308960020464429,186.69000244140625,4188972800.0,-444105838.76247257,0.6182605927139064
0.04222927615046501,271980564647.59912,5.045436465934102,184.6300048828125,3824305664.0,-343792410.5663715,0.6182605927139064
0.037131160497665405,95746375052.03973,2.356814382344511,176.49000549316406,5867075072.0,-479777497.12130785,0.6182605927139064
0.036944787949323654,413362748544.66034,6.378290930588894,287.8699951171875,7739210752.0,-671966447.9604092,0.6182605927139064
0.025686711072921753,48991827219.30285,1.6641822929576453,202.72000122070312,7710003200.0,-576538247.9451939,0.6150774481596953
0.03224901482462883,77220912430.64697,2.404616271624125,174.32000732421875,3701431040.0,-317772946.8136005,0.6182605927139064
0.03596913069486618,58929818732.47328,1.3659488014051584,162.33999633789062,5996725248.0,-466017847.8095241,0.6206036918821297
0.03146310895681381,174547166647.22086,3.824257673843497,259.1000061035156,9337489408.0,-952219663.4587117,0.6182605927139064
0.04180949926376343,159321712915.91412,3.714491352267248,182.83999633789062,5894880768.0,-497542843.6562195,0.6182605927139064
0.02647651918232441,96169066969.46028,2.73396249981436,174.6999969482422,4413192192.0,-334066408.7684859,0.6182605927139064
0.02949259802699089,232091972759.424,5.017501341376399,261.6400146484375,8835811328.0,-697168889.7475032,0.6182605927139064
0.02145981602370739,363328297205.4118,6.787860595159088,320.0199890136719,13000000512.0,-1060979874.4073128,0.6182605927139064
0.024376649409532547,32020352111.988846,1.1374824710816551,211.8300018310547,5501623808.0,-412182724.8697942,0.6239153632954312
0.024294523522257805,70643117776.2611,1.6451055771721212,267.30999755859375,6891319808.0,-521109109.32462895,0.6150774481596953
0.046019766479730606,193547291756.77222,1.9906879098706227,222.69000244140625,1470558976.0,-168292208.10613242,0.6182605927139064
0.05000000447034836,80077966129.17635,2.3853909102986965,172.8699951171875,893483648.0,-88381330.55202414,0.6182605927139064
0.02846224419772625,73617394422.3204,2.0747274474919055,280.5899963378906,8845486080.0,-683680744.9766068,0.6182605927139064
0.023413220420479774,58449323119.39728,1.7728992219214683,229.86000061035156,11312955392.0,-922033467.9294015,0.6150774481596953
0.026292115449905396,33145692548.332817,1.2902442118991229,263.25,9722056704.0,-748863155.0258518,0.6206036918821297
0.032810065895318985,217462244277.83588,4.567857239405182,249.30999755859375,9070827520.0,-790339489.6097757,0.6182605927139064
0.02994922734797001,164904456644.65585,3.6378967240380398,207.22000122070312,8947772416.0,-734280367.8392303,0.6182605927139064
0.04157380387187004,52197973259.16527,1.2889045546807185,170.27000427246094,768822592.0,-77389478.65798253,0.6206036918821297
0.021066807210445404,32694478750.803535,1.274012729649477,193.27000427246094,8365969920.0,-618772121.4705783,0.6206036918821297
0.030931539833545685,108982059293.38698,2.8893276239358867,245.75,8469524480.0,-748146981.2743721,0.6182605927139064
0.049684420228004456,80302183638.25226,2.175957982170893,159.33999633789062,1032025024.0,-102667737.69339056,0.6182605927139064
0.04672198370099068,176859727887.825,3.4237848324868225,153.13999938964844,2407964416.0,-245723202.83509701,0.6182605927139064
0.029505960643291473,34803630487.42266,1.3825718503368245,153.44000244140625,5497329152.0,-430813825.9634563,0.6206036918821297
0.032431770116090775,162090825689.01147,3.787249222881135,191.5,5507307008.0,-469470048.3043922,0.6182605927139064
0.02770930901169777,65352915766.70895,1.4465452231941225,187.92999267578125,7855718400.0,-650263617.3211436,0.6206036918821297
0.028943607583642006,45861460310.0747,1.590194150588828,208.39999389648438,8738234368.0,-669860394.824811,0.6152361307865583
0.03294193744659424,227713495599.15988,4.481704862216651,224.07000732421875,7489102336.0,-654148213.2854435,0.6182605927139064
0.0471007414162159,214606544197.23154,3.7160555737095584,181.75,1816936832.0,-211623702.5830956,0.6182605927139064
0.04205801710486412,153534699975.4023,3.6403863221498836,211.4499969482422,2348055552.0,-215124908.3598263,0.6182605927139064
0.03472862020134926,45275533338.54137,0.8980558698366228,188.08999633789062,1814278784.0,-164346954.11775658,0.6238924706967265
0.030352534726262093,53094355441.41952,1.7836708379794528,195.25999450683594,7543227392.0,-600826001.1285679,0.6150774481596953
0.024195808917284012,153399073295.798,3.6625245488082894,258.9100036621094,9821533184.0,-762618295.9721404,0.6182605927139064
0.03095189854502678,196964259924.7177,4.502092317663446,257.05999755859375,10014690304.0,-840747145.036413,0.6182605927139064
0.02398340031504631,406322749359.8384,7.209740878598344,261.0,10664880128.0,-1192445732.9887142,0.6182605927139064
0.026336057111620903,108709131386.02754,3.031520228459072,195.47000122070312,7121745920.0,-573009189.456066,0.6182605927139064
0.04916533827781677,152765792230.99146,1.9843798198565565,223.1999969482422,1350670976.0,-138633127.41664296,0.6182605927139064
0.04508432000875473,84139205393.39696,1.6681406974239705,178.30999755859375,1990808064.0,-180616067.23798287,0.6150774481596953
0.026289861649274826,31184537465.312557,1.3422542889135254,158.9499969482422,9104172032.0,-706292982.4358679,0.6206036918821297
0.045145150274038315,124379108561.46045,2.720193065214735,219.27000427246094,1957343616.0,-187840026.32186392,0.6182605927139064
0.03484974429011345,129677061127.98926,2.901150287980293,169.6999969482422,1124094720.0,-122797197.04131854,0.6182605927139064
0.025942306965589523,74635710102.65463,1.9806142005696827,208.02999877929688,8985168896.0,-723027549.0429171,0.6182605927139064
0.029486285522580147,104178089049.60857,2.969844240091228,194.08999633789062,7981197312.0,-627661968.3006194,0.6182605927139064
0.031767599284648895,96790318629.99812,2.6546599523465013,175.25,7014343680.0,-549771667.6276376,0.6182605927139064
0.028695592656731606,19752023051.082546,0.7160867406897534,219.88999938964844,8533082112.0,-650503538.0162104,0.6237116624584638
0.023477088660001755,168811526288.91788,3.469099500404158,187.5800018310547,10571441152.0,-839544632.9761019,0.6182605927139064
0.04186304658651352,134606987098.53793,3.2875022195728305,191.1999969482422,3198606080.0,-270638153.31043494,0.6182605927139064
0.036873385310173035,107832834264.36256,2.735685945047763,183.6699981689453,2005218560.0,-166410756.99055412,0.6182605927139064
0.042040057480335236,119396000704.99777,2.4021433501555207,220.0800018310547,2941950464.0,-258699788.05896002,0.6182605927139064
0.042592018842697144,124560162376.05035,2.328944279165463,246.77000427246094,3260421632.0,-365678332.2473401,0.6182605927139064
0.02857961319386959,129484656435.51659,3.222235987442476,269.3999938964844,9904140288.0,-804920198.0256925,0.6182605927139064
0.02958489954471588,110733494357.96246,2.9774362419007048,221.16000366210938,8415587328.0,-667280952.2481937,0.6182605927139064
0.04286535456776619,83540769443.63824,2.3480703523491298,184.8000030517578,3734088192.0,-383757628.8726738,0.6182605927139064
0.029555555433034897,183804745225.46692,4.38373996697389,195.8000030517578,7780529152.0,-594653816.0303165,0.6182605927139064
0.018511557951569557,71959808405.92615,2.1285909178093867,181.14999389648438,12188991488.0,-993854482.0016376,0.6182605927139064
0.036491040140390396,373078603471.77936,5.733529753090606,235.6199951171875,5627969024.0,-579732260.1967119,0.6182605927139064
0.020566947758197784,214873763788.15433,4.088012331448336,272.05999755859375,12433584128.0,-1071724358.2762277,0.6182605927139064
0.04020985588431358,316930962494.0686,6.207756147044586,263.3599853515625,5066472960.0,-581938904.1353945,0.6182605927139064
0.03206360712647438,137190242514.9124,3.155622327767182,153.27000427246094,6562884608.0,-512250342.0023143,0.6182605927139064
0.03777291998267174,50017581124.11897,1.3023510796344722,162.08999633789062,2247363328.0,-188793152.7869432,0.6206036918821297
0.0286879763007164,36839533716.93724,1.3937944452532132,198.5399932861328,7466203648.0,-569585739.4548204,0.6206036918821297
0.028247350826859474,276120094561.47473,5.674147429299495,306.80999755859375,10036115456.0,-1000161452.291288,0.6182605927139064
0.032442256808280945,165722807508.25076,3.810273727274025,208.25999450683594,6743472128.0,-540936794.7022239,0.6182605927139064
0.032086331397295,54978073193.65514,1.6127562328255243,178.13999938964844,6570252800.0,-499357693.1245712,0.6150774481596953
0.04993418604135513,27330972623.064384,1.0510007528226653,162.66000366210938,904627520.0,-77552291.5039315,0.6238924706967265
0.0458708293735981,188040020278.39212,3.2238765567542407,215.64999389648438,3149513472.0,-269918794.4874598,0.6182605927139064
0.028183002024888992,151977667666.7262,3.803878516629827,174.24000549316406,9034433536.0,-729035235.4531952,0.6182605927139064
0.04077788069844246,101233967348.57684,2.8608146454301617,185.0,5512693760.0,-460781225.7504698,0.6182605927139064
0.026854636147618294,92992040292.54042,2.479133827715526,195.42999267578125,9497956352.0,-761255963.3190544,0.6182605927139064
0.04180019721388817,16161562164.648058,0.8528336518648206,159.64999389648438,3106434560.0,-253805739.79914227,0.6238924706967265
0.04343239590525627,45404702582.06442,1.346837854048971,171.1999969482422,830454592.0,-74235626.95049542,0.6206036918821297
0.03357575461268425,83047583324.34354,2.3774293398050497,173.3800048828125,5397226496.0,-437720263.4411084,0.6182605927139064
0.04345930740237236,367085441263.42456,6.691031149434197,254.9199981689453,4314393600.0,-375871135.11084914,0.6182605927139064
0.02838238887488842,117884070211.93796,3.0612006759016652,243.97999572753906,9048573952.0,-692850725.348189,0.6182605927139064
0.047780439257621765,71065012089.34915,1.6102426527852791,166.60000610351562,1220621056.0,-125442428.36540641,0.6150774481596953
0.026289353147149086,59301773781.07174,1.7529774615081102,257.5199890136719,8934710272.0,-678471022.1776638,0.6150774481596953
0.03473379462957382,35529813281.07136,1.1516154783654586,151.8800048828125,6460634112.0,-502591153.38261855,0.6239153632954312
0.035221077501773834,165648323601.5481,3.633987937781933,184.75999450683594,5395169792.0,-439406142.156004,0.6182605927139064
0.019999999552965164,160458125424.3316,3.61024405811792,207.24000549316406,7531258368.0,-559893456.3797739,0.6182605927139064
0.03811611980199814,45905359015.42786,1.592818613964365,229.41000366210938,7380808704.0,-617427892.786749,0.6152361307865583
0.037815824151039124,169619326516.61288,3.8910462314540926,197.50999450683594,6891002880.0,-738999317.0321989,0.6182605927139064
0.04006073251366615,389999893445.00146,7.245943244933239,260.9800109863281,5839879680.0,-508778404.3775946,0.6182605927139064
0.03307746723294258,420392980886.22125,7.554214660339621,278.3299865722656,7820897280.0,-625163530.7748022,0.6182605927139064
0.025138674303889275,39399393269.02372,1.3064011655944718,230.3699951171875,10642698240.0,-916533646.7101266,0.6206036918821297
0.040241509675979614,126308194655.60785,3.168757838514956,159.1300048828125,3329270528.0,-276884644.32983506,0.6182605927139064
0.04884651303291321,184849776773.8559,3.1653926158622863,250.83999633789062,695369024.0,-75500677.04448049,0.6182605927139064
0.04345925152301788,175185941336.34534,3.1648497499861925,204.55999755859375,1602416256.0,-173965972.70235464,0.6182605927139064
0.04079625755548477,159417118180.98224,2.905475576266021,182.00999450683594,6873897472.0,-713458875.5686399,0.6182605927139064
0.028312023729085922,43117801516.663795,1.5741689664933571,248.49000549316406,7500704256.0,-589720970.1495842,0.6171221091715519
0.032422177493572235,262497619680.07108,5.030276012116033,295.8599853515625,8962754560.0,-738999556.574064,0.6182605927139064
0.04953008517622948,69226799773.06136,1.3419994956635035,171.14999389648438,1128559744.0,-94595396.19801073,0.6206036918821297
0.05000000447034836,90604032384.96565,1.6420245424534257,211.0800018310547,651831104.0,-67103638.266354814,0.6150774481596953
0.023472322151064873,159384755887.34177,3.4234488175356383,235.91000366210938,10894944256.0,-936647798.664394,0.6182605927139064
0.028728757053613663,37748242573.14257,1.3791701872356197,252.14999389648438,8369155584.0,-634236950.3398781,0.6206036918821297
0.029717084020376205,157253540294.71146,3.929346291399419,156.67999267578125,4784368128.0,-508472792.2162318,0.6182605927139064
0.025617551058530807,99660992844.93146,2.712812763434309,249.0800018310547,9862150144.0,-750706930.8772014,0.6182605927139064
0.04792053997516632,106495596364.10405,2.0477396376063215,181.9499969482422,741916544.0,-72822890.61479636,0.6182605927139064
0.03906850516796112,111173642998.76236,3.112882597693879,184.17999267578125,4873935360.0,-410895442.8382635,0.6182605927139064
0.032039985060691833,55626209097.50247,1.7486595088853039,161.97999572753906,6286867456.0,-496028378.1713457,0.6150774481596953
0.018683994188904762,114129610464.87189,3.1557147467509323,190.9199981689453,6796669440.0,-503039020.6505818,0.6182605927139064
0.038513172417879105,197482533258.44067,3.724349216401774,174.80999755859375,3835301888.0,-324933663.6531371,0.6182605927139064
0.019999999552965164,95688174881.5095,2.7622267453228946,258.9800109863281,12146944000.0,-935661604.4632615,0.6182605927139064
0.04551270604133606,82796046106.44536,1.7446758138609304,194.99000549316406,649182464.0,-66859826.27981788,0.6150774481596953
0.03096987120807171,183346652823.4928,3.284163097977826,165.60000610351562,6446454272.0,-746198243.9736714,0.6182605927139064
0.0315982811152935,53894515018.15342,1.7349096081102156,246.97000122070312,8600233984.0,-684066774.9398701,0.6150774481596953
0.019999999552965164,129314589958.20604,3.1114130853848563,269.20001220703125,12999999488.0,-1300685657.7839932,0.6182605927139064
0.02814127691090107,45617110772.796135,1.6643484072926256,157.5,8802409472.0,-690568579.2293236,0.6150774481596953
0.014059687964618206,149598712278.52975,2.759722974547466,251.97000122070312,8680853504.0,-949154266.2791878,0.6182605927139064
0.05000000074505806,152858528210.07147,3.6533077709115913,224.97999572753906,773737856.0,-77568049.44802395,0.6182605927139064
0.05000000074505806,91798756546.75043,1.3840476907175119,204.6999969482422,640540032.0,-64779860.91852814,0.6206036918821297
0.02966633439064026,52743854830.84254,1.6021206016922958,157.9600067138672,6264652800.0,-507808344.2179062,0.6150774481596953
0.03655867651104927,230851545465.57028,2.4518798033156353,227.35000610351562,5928564736.0,-601635293.2637894,0.6182605927139064
0.03169386088848114,72630751755.95287,2.129307054380274,162.47999572753906,7415095808.0,-669730240.2195548,0.6182605927139064
0.04817235842347145,84710193157.53754,1.8616558735645774,186.69000244140625,623784960.0,-60415415.71064466,0.6182605927139064
0.042719561606645584,92691606171.84207,2.7428103469572265,175.17999267578125,3871239168.0,-333454455.1698136,0.6182605927139064
0.023288799449801445,270100984136.6324,4.872360024426724,216.86000061035156,10606326784.0,-856874316.47387,0.6182605927139064
0.0250079445540905,54384804052.32352,1.8493822173575192,202.36000061035156,10235715584.0,-822500868.3455554,0.6182605927139064
0.022793637588620186,27723778707.299644,1.0922998972772109,237.39999389648438,7817120256.0,-594665442.7154095,0.6238924706967265
0.03600143641233444,81854176665.81357,2.275929064175146,169.13999938964844,4622958592.0,-378863039.32974577,0.6182605927139064
0.037179041653871536,269647777062.49078,5.1797370578056015,243.88999938964844,5753809408.0,-533184845.91956306,0.6182605927139064
0.029102029278874397,146563434691.08704,3.577050326504399,234.36000061035156,9673020416.0,-780585521.4833397,0.6182605927139064
0.018158650025725365,32491550419.160076,1.0958811825511159,181.5399932861328,2242305024.0,-187086548.271521,0.6238924706967265
0.02697315439581871,134080895176.73071,3.5231205556009577,244.89999389648438,9191603200.0,-715302014.2455653,0.6182605927139064
0.04546684771776199,147601443569.07016,3.7517384001087923,176.44000244140625,3073022976.0,-266832282.36143917,0.6182605927139064
0.04176045581698418,113346605130.84451,3.0407638254811373,218.49000549316406,3806042880.0,-322226331.5078673,0.6182605927139064
0.02250499837100506,91667294122.34935,2.3298638054192407,163.22999572753906,11025425408.0,-888659245.5879124,0.6182605927139064
0.032585259526968,76167306410.6802,2.303023567488703,174.64999389648438,7041452544.0,-545485100.5911194,0.6182605927139064
0.05000000447034836,207743938503.10074,4.523010501890743,178.1199951171875,1062436992.0,-123151319.2375365,0.6182605927139064
0.029089907184243202,169533078231.6566,4.084778748863902,197.55999755859375,5463628800.0,-461657749.59095347,0.6182605927139064
0.030286604538559914,116546965614.93417,3.133983643760643,236.07000732421875,4620877312.0,-506117272.51281583,0.6182605927139064
0.026962315663695335,136485302435.03854,3.543753344356741,229.25999450683594,9273924608.0,-746051482.0100781,0.6182605927139064
0.029697367921471596,95243129232.78207,2.582062319261203,262.4700012207031,8894637056.0,-729479133.0291663,0.6182605927139064
0.0415184386074543,145827951926.666,3.364198218762101,222.1199951171875,2646596608.0,-262789466.2040532,0.6182605927139064
0.03352735564112663,72083595324.96599,2.1969445202411233,152.47000122070312,4400913408.0,-359848306.59865576,0.6182605927139064
0.019999999552965164,40317407323.30185,1.3903044726397435,251.7100067138672,12472690688.0,-964607561.2959508,0.6206036918821297
0.036916542798280716,300521574486.63354,5.839179379878077,319.32000732421875,6006763520.0,-506649583.4634374,0.6182605927139064
0.024411631748080254,87918712756.18239,2.534214686802806,205.72000122070312,10213683200.0,-811392768.6151344,0.6182605927139064
0.015101268887519836,92386325938.18404,2.5535981662235128,174.4199981689453,6528787456.0,-551793101.9880601,0.6182605927139064
0.04686896130442619,114855359043.39136,2.4654386869321048,185.64999389648438,2341632256.0,-265792782.85773808,0.6182605927139064
0.037846118211746216,232049671584.52765,3.821109922410028,253.35000610351562,6481601536.0,-666861838.8681059,0.6182605927139064
0.042576201260089874,324588533098.0401,4.47978007346189,221.88999938964844,3892133632.0,-420147521.7227978,0.6182605927139064
0.019515588879585266,58831450154.89227,1.398469192358229,218.5800018310547,8543196672.0,-629315367.47948,0.6206036918821297
0.02715051732957363,239206006969.29852,4.092279754615604,278.260009765625,9792078848.0,-770238428.672881,0.6182605927139064
0.03288789838552475,82087038107.6495,2.330377162019739,188.8300018310547,6085436416.0,-492439591.07533437,0.6182605927139064
0.03324243798851967,113121472293.63997,2.848091870417007,237.67999267578125,7024944128.0,-572120826.4990739,0.6182605927139064
0.03856402635574341,88837761625.42128,2.5892091392669094,173.77999877929688,2692686080.0,-243640274.4966977,0.6182605927139064
0.03295668214559555,290161410774.7042,5.736091505188312,215.22999572753906,7216634368.0,-716042042.4989107,0.6182605927139064
0.03970971331000328,167897844062.13037,2.980489325571956,236.05999755859375,4719937536.0,-412799176.6190859,0.6182605927139064
0.028226586058735847,47419831149.17231,1.7471910232084775,193.36000061035156,8832991232.0,-692985518.1610572,0.6150774481596953
0.024091066792607307,131403651530.00206,3.396541483850316,266.1400146484375,10670252032.0,-838995037.5515695,0.6182605927139064
0.04542689025402069,109970615746.8574,2.780609942541894,193.57000732421875,2060863744.0,-191826799.56561172,0.6182605927139064
0.03189031407237053,70477527564.53722,2.281944400047871,174.8000030517578,4641509888.0,-372693082.64275014,0.6182605927139064
0.03130902349948883,48219549549.11035,1.6314780814761265,159.22000122070312,4671467008.0,-380268809.37390226,0.6150774481596953
0.05000000074505806,114191633663.68674,2.4263346390833553,194.72000122070312,936288000.0,-83847256.04928824,0.6182605927139064
0.02244591899216175,58704527566.314674,1.9714402732129688,172.1300048828125,9036649472.0,-733925212.6243845,0.6182605927139064
0.03224244341254234,115288770615.95839,3.211438319862636,214.66000366210938,7020948992.0,-574589989.7244043,0.6182605927139064
0.01836484484374523,35946885515.39364,1.2212859307099397,204.75999450683594,11795757056.0,-900996319.9660894,0.6239153632954312
0.0418182834982872,275866229452.725,5.010725176661071,264.3599853515625,5614486016.0,-490615010.2797505,0.6182605927139064
0.05000000074505806,150211584298.61807,3.1868341429636335,211.3699951171875,907237376.0,-85030024.63542771,0.6182605927139064
0.028633451089262962,36050450938.54719,1.2747287102778742,164.0,5678448128.0,-435143536.8363297,0.6206036918821297
0.040079351514577866,72110392217.40378,2.1577631704998574,152.47999572753906,3405946880.0,-284692559.83768016,0.6182605927139064
0.04245472326874733,231608643295.09384,3.848663826494877,210.9199981689453,5120081920.0,-452043920.8691033,0.6182605927139064
0.034336987882852554,242761169929.427,4.351127351411424,255.88999938964844,6505627136.0,-530296328.1863069,0.6182605927139064
0.02863415889441967,101202283141.90938,2.60569976515657,205.39999389648438,8577184768.0,-681484789.136785,0.6182605927139064
0.03347492590546608,222450781457.39505,4.190760390930726,225.58999633789062,8991491072.0,-938357807.184553,0.6182605927139064
0.024060478433966637,291202932653.40717,4.833703678383639,248.88999938964844,8718254080.0,-974075898.0217612,0.6182605927139064
0.03339669480919838,128059533969.3004,2.889101265225468,182.0500030517578,5147126784.0,-413887322.90999615,0.6182605927139064
0.019999999552965164,49502591782.14269,1.8308200578380172,157.5,3837272320.0,-287899894.1209235,0.6182605927139064
0.019999997690320015,166495411317.02762,3.7242754670767346,270.9100036621094,12146614272.0,-1002730695.5763222,0.6182605927139064
0.03300173208117485,50580826651.391335,1.5766914428365812,174.1199951171875,4448699904.0,-356981299.22961074,0.6152361307865583
0.03197454288601875,142606662400.68164,2.8859911203696256,208.33999633789062,6937764864.0,-553152938.039256,0.6182605927139064
0.028313608840107918,106254508536.14737,2.97160186353264,222.1699981689453,8662625280.0,-681286582.0940813,0.6182605927139064
0.03802763298153877,71636608421.2096,2.1915515803364283,156.6199951171875,2832316928.0,-218881661.24020857,0.6182605927139064
0.042163193225860596,71525596013.86186,1.7528849096745613,176.11000061035156,1478171264.0,-132354686.89704928,0.6150774481596953
